{"cameraMode":{"drawMode":0,"name":"Shaded","section":"Shading Mode"},"sceneLighting":false,"audioPlay":false,"sceneViewState":{"m_AlwaysRefresh":false,"showFog":true,"showSkybox":true,"showFlares":true,"showImageEffects":true,"showParticleSystems":true,"showVisualEffectGraphs":true,"m_FxEnabled":true},"in2DMode":false,"pivot":{"x":-1.6859068870544434,"y":-106.8965835571289,"z":92.65225219726563},"rotation":{"x":-0.40941718220710757,"y":-0.0032792671117931606,"z":0.0014584452146664262,"w":-0.9123579263687134},"size":77.70625305175781,"orthographic":false}